ClassicUO.Network.PacketHandlers___c._BuffDebuff_b__107_0	140392db0	140392db0
ClassicUO.Network.PacketHandlers___c._BuffDebuff_b__107_1	140392dc0	140392dc0
ClassicUO.Network.PacketHandlers___c._BuyList_b__60_0	140392da0	140392da0
ClassicUO.Network.PacketHandlers___c._CharacterStatus_b__18_0	140392d50	140392d50
Assistant.PacketHandlers___c__DisplayClass10_0._ClientTextCommand_b__0	1403884f0	1403884f0
Assistant.PacketHandlers___c__DisplayClass24_0._ContainerContent_b__0	140388550	140388550
Assistant.PacketHandlers___c__DisplayClass22_0._ContainerContentUpdate_b__0	140388530	140388530
Assistant.PacketHandlers___c__DisplayClass20_0._DropRequest_b__0	140388510	140388510
ClassicUO.Network.PacketHandlers___c._HandleQuestArrowClearAll_b__137_0	140392dd0	140392dd0
Assistant.PacketHandlers___c._LoginConfirm_b__28_0	1403884b0	1403884b0
Assistant.PacketHandlers___c._MobileStatus_b__38_0	1403884c0	1403884c0
ClassicUO.Network.NetClient___c._ResolveIP_b__76_0	140392600	140392600
ClassicUO.Network.NetClientExt___c._Send_CreateCharacter_b__6_0	140392cf0	140392cf0
ClassicUO.Network.NetClientExt._Send_ToPlugins_AllSpells_g__writeDef_92_0	1401838e0	1401838e0
Assistant.PacketHandlers___c__DisplayClass26_0._SetSkillLock_b__0	140388570	140388570
Assistant.PacketHandlers___c__DisplayClass27_0._Skills_b__2	1403885a0	1403885a0
Assistant.PacketHandlers___c._Skills_b__27_0	140388490	140388490
Assistant.PacketHandlers___c._Skills_b__27_1	1403884a0	1403884a0
Assistant.PacketHandlers___c__DisplayClass27_1._Skills_b__3	1403885d0	1403885d0
ClassicUO.Network.PacketHandlers___c._UpdateSkills_b__40_0	140392d80	140392d80
Assistant.PacketHandlers___c._get_Party_b__64_0	1403884d0	1403884d0
ClassicUO.Network.PacketHandlers.ASCIIPrompt	140192dc0	140192dc0
ClassicUO.Network.PacketHandlers.Add	140184470	140184470
ClassicUO.Network.PacketHandlers.AddItemToContainer	14019b260	14019b260
ClassicUO.Network.PacketHandlers.AddMegaClilocRequest	140185e00	140185e00
ClassicUO.Network.PacketHandlers.AnalyzePacket	1401844d0	1401844d0
ClassicUO.Network.PacketHandlers.AnimatedItemMovement	1401a06a0	1401a06a0
ClassicUO.Network.PacketHandlers.ApplyTrans	14019f280	14019f280
Assistant.PacketHandlers.AsciiSpeech	1400651c0	1400651c0
ClassicUO.Network.PacketHandlers.AttackCharacter	1401938b0	1401938b0
Assistant.PacketHandlers.AttackRequest	140067de0	140067de0
Assistant.PacketHandlers.BeginContainerContent	140061490	140061490
ClassicUO.Network.PacketHandlers_OnPacketBufferReader.BeginInvoke	140392d20	140392d20
ClassicUO.Network.PacketHandlers.BoatMoving	140199e40	140199e40
ClassicUO.Network.PacketHandlers.BookData	14018cc60	14018cc60
ClassicUO.Network.PacketHandlers.BuffDebuff	140197d60	140197d60
ClassicUO.Network.PacketsTable.BuildPacketTable	1401a1140	1401a1140
ClassicUO.Network.PacketHandlers.BulletinBoardData	14018ee80	14018ee80
ClassicUO.Network.PacketHandlers.BuyList	14018f800	14018f800
ClassicUO.Network.PacketHandlers.CalculateMinimumElementCoordinates	14019f160	14019f160
ClassicUO.Network.PacketHandlers.CharacterAnimation	14018cf50	14018cf50
ClassicUO.Network.PacketHandlers.CharacterProfile	1401945f0	1401945f0
ClassicUO.Network.PacketHandlers.CharacterStatus	140186520	140186520
ClassicUO.Network.PacketHandlers.CharacterTransferLog	1401974e0	1401974e0
ClassicUO.Network.PacketHandlers.ClearContainerAndRemoveItems	14019bd20	14019bd20
Assistant.PacketHandlers.ClientDoubleClick	14005f180	14005f180
Assistant.PacketHandlers.ClientEncodedPacket	140066760	140066760
Assistant.PacketHandlers.ClientGumpResponse	140065aa0	140065aa0
Assistant.PacketHandlers.ClientSingleClick	14005f0f0	14005f0f0
ClassicUO.Network.PacketHandlers.ClientTalk	140186390	140186390
Assistant.PacketHandlers.ClientTextCommand	14005fd40	14005fd40
ClassicUO.Network.PacketHandlers.ClientViewRange	14018ee00	14018ee00
ClassicUO.Network.PacketHandlers.CloseVendorInterface	14018c2d0	14018c2d0
Assistant.PacketHandlers.CompleteLogin	140062a30	140062a30
ClassicUO.Network.NetClientExt.Complete_Minigame	14017dfc0	14017dfc0
Assistant.PacketHandlers.CompressedGump	1400671a0	1400671a0
ClassicUO.Network.PacketHandlers.ConfigurationFileR	140196d20	140196d20
Assistant.PacketHandlers.ConfirmWalk	14005f6d0	14005f6d0
ClassicUO.Network.PacketHandlers.ConfirmWalk	1401894e0	1401894e0
ClassicUO.Network.NetClient.Connect	1401442d0	1401442d0
ClassicUO.Network.NetClient.Connect	140144330	140144330
Assistant.PacketHandlers.ContainerContent	1400615a0	1400615a0
Assistant.PacketHandlers.ContainerContentUpdate	1400610e0	1400610e0
ClassicUO.Network.PacketHandlers.CorpseEquipment	140191a00	140191a00
Assistant.PacketHandlers.CreateCharacter	140060410	140060410
ClassicUO.Network.PacketHandlers.CreateGameScene	140187ea0	140187ea0
ClassicUO.Network.PacketHandlers.CreateGump	14019bde0	14019bde0
ClassicUO.Network.PacketHandlers.Damage	1401863e0	1401863e0
Assistant.PacketHandlers.DeathAnimation	14005f570	14005f570
ClassicUO.Network.PacketHandlers.DeathScreen	14018ad10	14018ad10
ClassicUO.Network.NetClient.DecompressBuffer	140145ba0	140145ba0
ClassicUO.Network.PacketHandlers.DeleteObject	1401884e0	1401884e0
ClassicUO.Network.PacketHandlers.DenyMoveItem	14018a760	14018a760
ClassicUO.Network.PacketHandlers.DenyWalk	140189200	140189200
ClassicUO.Network.NetClient.Disconnect	1401443d0	1401443d0
ClassicUO.Network.PacketHandlers.DisplayClilocString	140196760	140196760
ClassicUO.Network.PacketHandlers.DisplayDeath	140193f20	140193f20
ClassicUO.Network.PacketHandlers.DisplayMap	140191bc0	140191bc0
ClassicUO.Network.PacketHandlers.DisplayQuestArrow	140194820	140194820
ClassicUO.Network.PacketHandlers.DisplayWaypoint	1401991b0	1401991b0
ClassicUO.Network.PacketHandlers.DragAnimation	1401895e0	1401895e0
ClassicUO.Network.PacketHandlers.DropItemAccepted	14018aca0	14018aca0
Assistant.PacketHandlers.DropRequest	140060c60	140060c60
ClassicUO.Network.PacketHandlers.DyeData	140192690	140192690
ClassicUO.Network.NetClient.EnableCompression	140144ae0	140144ae0
ClassicUO.Network.PacketHandlers.EnableLockedFeatures	140194790	140194790
ClassicUO.Network.PacketHandlers.EndDraggingItem	14018ac40	14018ac40
ClassicUO.Network.PacketHandlers_OnPacketBufferReader.EndInvoke	140392d30	140392d30
ClassicUO.Network.NetClient.EnqueuePacketFromPlugin	140144220	140144220
ClassicUO.Network.PacketHandlers.EquipItem	14018b0b0	14018b0b0
Assistant.PacketHandlers.EquipRequest	1400608f0	1400608f0
Assistant.PacketHandlers.EquipmentUpdate	1400619c0	1400619c0
Assistant.PacketHandlers.ExtendedClientCommand	14005f750	14005f750
ClassicUO.Network.PacketHandlers.ExtendedCommand	140194bc0	140194bc0
Assistant.PacketHandlers.ExtendedPacket	140065e00	140065e00
ClassicUO.Network.NetClient.ExtractPackets	140144f60	140144f60
Assistant.PacketHandlers.Features	1400670d0	1400670d0
ClassicUO.Network.PacketHandlers.FollowR	140187860	140187860
ClassicUO.Network.PacketHandlers.FreeshardListR	140199840	140199840
Assistant.PacketHandlers.GameLogin	1400668d0	1400668d0
ClassicUO.Network.NetClient.GetPacketInfo	140145310	140145310
ClassicUO.Network.PacketsTable.GetPacketLength	1401a1360	1401a1360
Assistant.PacketsTable.GetPacketLength	140070d10	140070d10
ClassicUO.Network.PacketHandlers.GetUserServerPingGodClientR	140196ce0	140196ce0
ClassicUO.Network.PacketHandlers.GlobalQueCount	140196d00	140196d00
ClassicUO.Network.PacketHandlers.HandleAddonTarget	14019af60	14019af60
ClassicUO.Network.PacketHandlers.HandleLightState	14019f920	14019f920
ClassicUO.Network.PacketHandlers.HandleNameCheckResponse	14019ae30	14019ae30
ClassicUO.Network.PacketHandlers.HandlePlayerNameChanged	14019aec0	14019aec0
ClassicUO.Network.PacketHandlers.HandleQuestArrow	1401a0160	1401a0160
ClassicUO.Network.PacketHandlers.HandleQuestArrowCancel	1401a04f0	1401a04f0
ClassicUO.Network.PacketHandlers.HandleQuestArrowClearAll	1401a05a0	1401a05a0
ClassicUO.Network.PacketHandlers.HandleQuestArrowSet	1401a01f0	1401a01f0
ClassicUO.Network.PacketHandlers.HandleScreenShake	1401a08e0	1401a08e0
ClassicUO.Network.PacketHandlers.HandleWorldGumpAnchor	14019fdd0	14019fdd0
ClassicUO.Network.PacketHandlers.Help	1401945d0	1401945d0
Assistant.PacketHandlers.HitsUpdate	140062e00	140062e00
Assistant.PacketHandlers.HueResponse	140066d20	140066d20
ClassicUO.Network.PacketHandlers.InvalidMapEnable	140196cc0	140196cc0
ClassicUO.Network.PacketHandlers_OnPacketBufferReader.Invoke	140392d10	140392d10
Assistant.PacketsTable.IsDynLength	140070d40	140070d40
Assistant.PacketHandlers.LiftReject	1400608c0	1400608c0
Assistant.PacketHandlers.LiftRequest	140060690	140060690
ClassicUO.Network.PacketHandlers.LightLevel	14018c3f0	14018c3f0
ClassicUO.Network.PacketHandlers.LoginComplete	14018c760	14018c760
Assistant.PacketHandlers.LoginConfirm	1400627a0	1400627a0
ClassicUO.Network.PacketHandlers.Logout	140196d40	140196d40
Assistant.PacketHandlers.ManaUpdate	140062fa0	140062fa0
ClassicUO.Network.PacketHandlers.MapData	14018c8d0	14018c8d0
ClassicUO.Network.PacketHandlers.MegaCliloc	140196d60	140196d60
Assistant.PacketHandlers.MenuResponse	140066940	140066940
ClassicUO.Network.PacketHandlers.MobileAttributes	14018ae40	14018ae40
ClassicUO.Network.PacketHandlers.MobileDraw	1401905e0	1401905e0
Assistant.PacketHandlers.MobileEquip	140063da0	140063da0
ClassicUO.Network.PacketHandlers.MobileEquip	140190e20	140190e20
Assistant.PacketHandlers.MobileIncoming	140064060	140064060
ClassicUO.Network.PacketHandlers.MobileMove	14018fda0	14018fda0
ClassicUO.Network.PacketHandlers.MobileMoveV10	1401901f0	1401901f0
Assistant.PacketHandlers.MobileMoving	140062bd0	140062bd0
Assistant.PacketHandlers.MobileMovingV10	140062a40	140062a40
Assistant.PacketHandlers.MobileStatInfo	140063070	140063070
Assistant.PacketHandlers.MobileStatus	140063250	140063250
Assistant.PacketHandlers.MobileUpdate	140063af0	140063af0
ClassicUO.Network.PacketHandlers.MobileUpdate	1401888a0	1401888a0
ClassicUO.Network.PacketHandlers.MobileUpdateV10	140188d10	140188d10
ClassicUO.Network.PacketHandlers.MovePlayer	140192870	140192870
Assistant.PacketHandlers.MovementRequest	140061060	140061060
ClassicUO.Network.PacketHandlers.MultiPlacement	140192aa0	140192aa0
ClassicUO.Network.PacketHandlers.NewCharacterAnimation	140198470	140198470
ClassicUO.Network.PacketHandlers.NewHealthbarUpdate	1401878e0	1401878e0
Assistant.PacketHandlers.NewMobileStatus	140063160	140063160
ClassicUO.Network.PacketHandlers.OPLInfo	140197500	140197500
Assistant.PacketHandlers.OnAssistVersion	140065dc0	140065dc0
Assistant.PacketHandlers.OnLocalizedMessage	140065330	140065330
Assistant.PacketHandlers.OnLocalizedMessageAffix	1400654b0	1400654b0
ClassicUO.Network.PacketHandlers.OnPlayerTeleport	140190500	140190500
ClassicUO.Network.PacketHandlers.OpenBook	140192120	140192120
ClassicUO.Network.PacketHandlers.OpenCompressedGump	140197520	140197520
ClassicUO.Network.PacketHandlers.OpenContainer	140189d00	140189d00
ClassicUO.Network.PacketHandlers.OpenGump	1401942a0	1401942a0
ClassicUO.Network.PacketHandlers.OpenMenu	140191200	140191200
ClassicUO.Network.PacketHandlers.OpenPaperdoll	1401917c0	1401917c0
ClassicUO.Network.PacketHandlers.OpenUrl	1401936c0	1401936c0
ClassicUO.Network.PacketHandlers.OutlandsBuffUpdate	14019a600	14019a600
Assistant.PacketHandlers.OutlandsClientPacket	1400602f0	1400602f0
ClassicUO.Network.PacketHandlers.OutlandsCorpseFlags	14019a440	14019a440
Assistant.PacketHandlers.OutlandsItemNameResponse	140064f20	140064f20
ClassicUO.Network.PacketHandlers.OutlandsMobileData	1401a0980	1401a0980
ClassicUO.Network.PacketHandlers.OutlandsProtocol	14019f3a0	14019f3a0
ClassicUO.Network.PacketHandlers.OutlandsRemoveBuff	14019ad20	14019ad20
Assistant.PacketHandlers.OutlandsServerPacket	140064eb0	140064eb0
Assistant.PacketHandlers.OutlandsVendorItemData	140065120	140065120
ClassicUO.Network.PacketHandlers.OutlandsVendorItemData	1401a0f20	1401a0f20
Assistant.PacketHandlers.OutlandsVendorMobileData	140065050	140065050
ClassicUO.Network.PacketHandlers.OutlandsVendorMobileData	1401a0d00	1401a0d00
Assistant.PacketHandlers.ParseGumpString	140067940	140067940
ClassicUO.Network.PacketHandlers.ParticleEffect	14018d980	14018d980
ClassicUO.Network.PacketHandlers.ParticleEffectOld	14018d290	14018d290
ClassicUO.Network.PacketHandlers.PersonalLightLevel	14018c370	14018c370
ClassicUO.Network.NetClient.PingReceived	140144c20	140144c20
Assistant.PacketHandlers.PingResponse	140066730	140066730
Assistant.PacketHandlers.PlayCharacter	1400604a0	1400604a0
Assistant.PacketHandlers.PlayMusic	140068650	140068650
ClassicUO.Network.PacketHandlers.PlayMusic	14018c6e0	14018c6e0
Assistant.PacketHandlers.PlayServer	140060600	140060600
Assistant.PacketHandlers.PlaySoundEffect	140068210	140068210
ClassicUO.Network.PacketHandlers.PlaySoundEffect	14018c440	14018c440
ClassicUO.Network.NetClient.PrintDebug	1401453b0	1401453b0
ClassicUO.Network.NetClient.ProcessRecv	140145600	140145600
ClassicUO.Network.NetClient.ProcessSend	140145980	140145980
ClassicUO.Network.PacketHandlers.ReadLightTint	14019fce0	14019fce0
Assistant.PacketHandlers.RecordRestrictedGump	140065a40	140065a40
ClassicUO.Network.PacketHandlers.Remove	1401844a0	1401844a0
Assistant.PacketHandlers.RemoveObject	140064510	140064510
ClassicUO.Network.PacketHandlers.RemoveWaypoint	140199450	140199450
ClassicUO.Network.PacketHandlers.RerequestItemNameIfDisplayed	14019b8b0	14019b8b0
ClassicUO.Network.NetClient.ResetPing	140144c50	140144c50
ClassicUO.Network.NetClient.ResolveIP	140145de0	140145de0
Assistant.PacketHandlers.ResurrectionGump	140067d50	140067d50
Assistant.PacketHandlers.RunUOProtocolExtention	140066380	140066380
Assistant.PacketHandlers.SAWorldItem	140064b40	140064b40
ClassicUO.Network.PacketHandlers.ScreenEffect	14018d1b0	14018d1b0
ClassicUO.Network.PacketHandlers.Season	140194aa0	140194aa0
ClassicUO.Network.PacketHandlers.SecureTrading	140185f30	140185f30
ClassicUO.Network.PacketHandlers.SellList	140192e40	140192e40
ClassicUO.Network.PacketHandlers.Semivisible	140196ca0	140196ca0
ClassicUO.Network.NetClient.Send	140144af0	140144af0
ClassicUO.Network.NetClient.Send	140144b40	140144b40
Assistant.PacketHandlers.SendGump	140065680	140065680
ClassicUO.Network.PacketHandlers.SendMegaClilocRequests	140185de0	140185de0
Assistant.PacketHandlers.SendMenu	140066b90	140066b90
ClassicUO.Network.NetClientExt.Send_ASCIIPromptResponse	14015f470	14015f470
ClassicUO.Network.NetClientExt.Send_ASCIISpeechRequest	140151010	140151010
ClassicUO.Network.NetClientExt.Send_AttackRequest	1401509d0	1401509d0
ClassicUO.Network.NetClientExt.Send_BandageTarget	1401764c0	1401764c0
ClassicUO.Network.NetClientExt.Send_BookHeaderChanged	140171d80	140171d80
ClassicUO.Network.NetClientExt.Send_BookHeaderChanged_Old	140171180	140171180
ClassicUO.Network.NetClientExt.Send_BookPageData	140172c00	140172c00
ClassicUO.Network.NetClientExt.Send_BookPageDataRequest	140173b70	140173b70
ClassicUO.Network.NetClientExt.Send_BulletinBoardPostMessage	140167e00	140167e00
ClassicUO.Network.NetClientExt.Send_BulletinBoardRemoveMessage	140169790	140169790
ClassicUO.Network.NetClientExt.Send_BulletinBoardRequestMessage	140166d70	140166d70
ClassicUO.Network.NetClientExt.Send_BulletinBoardRequestMessageSummary	1401675b0	1401675b0
ClassicUO.Network.NetClientExt.Send_BuyRequest	1401744c0	1401744c0
ClassicUO.Network.NetClientExt.Send_CancelCast	14017f770	14017f770
ClassicUO.Network.NetClientExt.Send_CastSpell	14017ef40	14017ef40
ClassicUO.Network.NetClientExt.Send_CastSpellOld	140152e20	140152e20
ClassicUO.Network.NetClientExt.Send_ChangeRaceRequest	140178150	140178150
ClassicUO.Network.NetClientExt.Send_ChangeWarMode	14014dde0	14014dde0
ClassicUO.Network.NetClientExt.Send_ClickQuestArrow	140162100	140162100
ClassicUO.Network.NetClientExt.Send_ClickRequest	140150390	140150390
ClassicUO.Network.NetClientExt.Send_ClientType	14016bc50	14016bc50
ClassicUO.Network.NetClientExt.Send_ClientViewRange	14017a490	14017a490
ClassicUO.Network.NetClientExt.Send_CloseStatusBarGump	140162830	140162830
ClassicUO.Network.NetClientExt.Send_CreateCharacter	140148a80	140148a80
ClassicUO.Network.NetClientExt.Send_DeathScreen	14017b630	14017b630
ClassicUO.Network.NetClientExt.Send_DeleteCharacter	14014a930	14014a930
ClassicUO.Network.NetClientExt.Send_DisarmRequest	140177b30	140177b30
ClassicUO.Network.NetClientExt.Send_DoubleClick	140146e80	140146e80
ClassicUO.Network.NetClientExt.Send_DropRequest	14014c700	14014c700
ClassicUO.Network.NetClientExt.Send_DyeDataResponse	140160a80	140160a80
ClassicUO.Network.NetClientExt.Send_EmoteAction	140154e40	140154e40
ClassicUO.Network.NetClientExt.Send_EquipLastWeapon	14016f080	14016f080
ClassicUO.Network.NetClientExt.Send_EquipRequest	14014d570	14014d570
ClassicUO.Network.NetClientExt.Send_GameLogin	1401480e0	1401480e0
ClassicUO.Network.NetClientExt.Send_GameWindowSize	140166510	140166510
ClassicUO.Network.NetClientExt.Send_GrayMenuResponse	140157c50	140157c50
ClassicUO.Network.NetClientExt.Send_GuildMenuRequest	14016e040	14016e040
ClassicUO.Network.NetClientExt.Send_GumpResponse	1401557a0	1401557a0
ClassicUO.Network.NetClientExt.Send_HelpRequest	14014e5c0	14014e5c0
ClassicUO.Network.NetClientExt.Send_Info	140147ae0	140147ae0
ClassicUO.Network.NetClientExt.Send_InvokeVirtueRequest	14016f8a0	14016f8a0
ClassicUO.Network.NetClientExt.Send_ItemNameRequest	140181f80	140181f80
ClassicUO.Network.NetClientExt.Send_Language	14016b2d0	14016b2d0
ClassicUO.Network.NetClientExt.Send_LogoutNotification	140159580	140159580
ClassicUO.Network.NetClientExt.Send_MapMessage	14016d3d0	14016d3d0
ClassicUO.Network.NetClientExt.Send_MenuResponse	1401571f0	1401571f0
ClassicUO.Network.NetClientExt.Send_MultiMoveRequest	140178ce0	140178ce0
ClassicUO.Network.NetClientExt.Send_NameCheck	140181600	140181600
ClassicUO.Network.NetClientExt.Send_NameRequest	14015b140	14015b140
ClassicUO.Network.NetClientExt.Send_OpenDoor	140154040	140154040
ClassicUO.Network.NetClientExt.Send_OpenSpellBook	140154720	140154720
ClassicUO.Network.NetClientExt.Send_OpenUOStore	14017aae0	14017aae0
ClassicUO.Network.NetClientExt.Send_PartyAccept	1401647a0	1401647a0
ClassicUO.Network.NetClientExt.Send_PartyChangeLootTypeRequest	140163f80	140163f80
ClassicUO.Network.NetClientExt.Send_PartyDecline	140164fd0	140164fd0
ClassicUO.Network.NetClientExt.Send_PartyInviteRequest	140162f70	140162f70
ClassicUO.Network.NetClientExt.Send_PartyMessage	140165800	140165800
ClassicUO.Network.NetClientExt.Send_PartyPing	140180960	140180960
ClassicUO.Network.NetClientExt.Send_PartyRemoveRequest	140163750	140163750
ClassicUO.Network.NetClientExt.Send_PickUpRequest	14014bfb0	14014bfb0
ClassicUO.Network.NetClientExt.Send_Ping	140146870	140146870
ClassicUO.Network.NetClientExt.Send_PopupMenuSelection	14016cb70	14016cb70
ClassicUO.Network.NetClientExt.Send_ProfileRequest	140160dc0	140160dc0
ClassicUO.Network.NetClientExt.Send_ProfileUpdate	1401614f0	1401614f0
ClassicUO.Network.NetClientExt.Send_QueryGuildPosition	14016a5e0	14016a5e0
ClassicUO.Network.NetClientExt.Send_QueryPartyPosition	14016acc0	14016acc0
ClassicUO.Network.NetClientExt.Send_QuestArrowClick	140182940	140182940
ClassicUO.Network.NetClientExt.Send_QuestMenuRequest	14016e860	14016e860
ClassicUO.Network.NetClientExt.Send_RazorACK	140169fd0	140169fd0
ClassicUO.Network.NetClientExt.Send_RenameRequest	14015a8a0	14015a8a0
ClassicUO.Network.NetClientExt.Send_RepooledBlocks	14017fe70	14017fe70
ClassicUO.Network.NetClientExt.Send_RequestPopupMenu	14016c430	14016c430
ClassicUO.Network.NetClientExt.Send_Resync	140179740	140179740
ClassicUO.Network.NetClientExt.Send_Seed	1401474c0	1401474c0
ClassicUO.Network.NetClientExt.Send_SelectCharacter	14014b190	14014b190
ClassicUO.Network.NetClientExt.Send_SellRequest	1401750a0	1401750a0
ClassicUO.Network.NetClientExt.Send_ShowPublicHouseContent	14017b000	14017b000
ClassicUO.Network.NetClientExt.Send_SkillStatusChangeRequest	140170a40	140170a40
ClassicUO.Network.NetClientExt.Send_SkillsRequest	14014f420	14014f420
ClassicUO.Network.NetClientExt.Send_SkillsStatusRequest	14014fc50	14014fc50
ClassicUO.Network.NetClientExt.Send_StatLockStateRequest	140170210	140170210
ClassicUO.Network.NetClientExt.Send_StatusRequest	14014ebf0	14014ebf0
ClassicUO.Network.NetClientExt.Send_StunRequest	140177510	140177510
ClassicUO.Network.NetClientExt.Send_TargetCancel	14015e400	14015e400
ClassicUO.Network.NetClientExt.Send_TargetObject	14015bec0	14015bec0
ClassicUO.Network.NetClientExt.Send_TargetXYZ	14015d120	14015d120
ClassicUO.Network.NetClientExt.Send_TextEntryDialogResponse	140159b90	140159b90
ClassicUO.Network.NetClientExt.Send_TimeSyncPingReq	14017e940	14017e940
ClassicUO.Network.NetClientExt.Send_TipRequest	14015b780	14015b780
ClassicUO.Network.NetClientExt.Send_ToPlugins_AllSkills	14017d140	14017d140
ClassicUO.Network.NetClientExt.Send_ToPlugins_AllSpells	14017c7a0	14017c7a0
ClassicUO.Network.NetClientExt.Send_ToggleGargoyleFlying	140176d20	140176d20
ClassicUO.Network.NetClientExt.Send_TradeResponse	140158160	140158160
ClassicUO.Network.NetClientExt.Send_TradeUpdateGold	140158c00	140158c00
ClassicUO.Network.NetClientExt.Send_UOLive_HashResponse	14017bc40	14017bc40
ClassicUO.Network.NetClientExt.Send_UnicodePromptResponse	14015ff50	14015ff50
ClassicUO.Network.NetClientExt.Send_UnicodeSpeechRequest	140151c20	140151c20
ClassicUO.Network.NetClientExt.Send_UseCombatAbility	140175a90	140175a90
ClassicUO.Network.NetClientExt.Send_UseSkill	140153660	140153660
ClassicUO.Network.NetClientExt.Send_VirtueGumpResponse	1401569a0	1401569a0
ClassicUO.Network.NetClientExt.Send_WalkRequest	140179c60	140179c60
ClassicUO.Network.NetClientExt.Send_WorldGumpViewDropped	140183190	140183190
Assistant.PacketHandlers.ServerAddress	140066db0	140066db0
Assistant.PacketHandlers.ServerChange	140064690	140064690
Assistant.PacketHandlers.ServerList	140060540	140060540
ClassicUO.Network.PacketHandlers.ServerQuestArrowSerial	1401a0130	1401a0130
Assistant.PacketHandlers.ServerSetWarMode	140067130	140067130
ClassicUO.Network.NetClient.SetProtocol	140144390	140144390
Assistant.PacketHandlers.SetSkillLock	140061bd0	140061bd0
ClassicUO.Network.PacketHandlers.SetTime	14018cb40	14018cb40
Assistant.PacketHandlers.SetUpdateRange	14005f090	14005f090
ClassicUO.Network.PacketHandlers.SetWeather	14018cb60	14018cb60
Assistant.PacketHandlers.Skills	140061cc0	140061cc0
Assistant.PacketHandlers.StamUpdate	140062ed0	140062ed0
ClassicUO.Network.PacketHandlers.Swing	14018b440	14018b440
ClassicUO.Network.PacketHandlers.Talk	140188230	140188230
ClassicUO.Network.PacketHandlers.TargetCursor	140185e20	140185e20
ClassicUO.Network.PacketHandlers.TextEntryDialog	140193940	140193940
ClassicUO.Network.PacketHandlers.TipWindow	140193720	140193720
Assistant.PacketHandlers.TradeRequest	140067ef0	140067ef0
Assistant.PacketHandlers.TryParseGump	1400677e0	1400677e0
ClassicUO.Network.PacketHandlers.UltimaMessengerR	140194a80	140194a80
ClassicUO.Network.PacketHandlers.UnicodePrompt	140196c20	140196c20
Assistant.PacketHandlers.UnicodePromptReceived	140068080	140068080
Assistant.PacketHandlers.UnicodePromptSend	140067f20	140067f20
Assistant.PacketHandlers.UnicodeSpeech	140065270	140065270
ClassicUO.Network.PacketHandlers.UnicodeTalk	140193c00	140193c00
ClassicUO.Network.PacketHandlers.Unknown_0x32	14018b640	14018b640
ClassicUO.Network.PacketHandlers.UpdateContainedItem	14018a3b0	14018a3b0
ClassicUO.Network.PacketHandlers.UpdateContainedItems	14018be00	14018be00
ClassicUO.Network.PacketHandlers.UpdateHitpoints	140193300	140193300
ClassicUO.Network.PacketHandlers.UpdateItem	14019b940	14019b940
ClassicUO.Network.PacketHandlers.UpdateItemOld	140187ae0	140187ae0
ClassicUO.Network.PacketHandlers.UpdateItemSA	140199860	140199860
ClassicUO.Network.PacketHandlers.UpdateMana	140193420	140193420
ClassicUO.Network.PacketHandlers.UpdateMobileStatus	140197ca0	140197ca0
ClassicUO.Network.PacketHandlers.UpdateName	140192900	140192900
ClassicUO.Network.PacketHandlers.UpdateSkills	14018b660	14018b660
ClassicUO.Network.PacketHandlers.UpdateStamina	140193570	140193570
ClassicUO.Network.PacketHandlers.Warmode	14018f780	14018f780
Assistant.PacketHandlers.WorldItem	140064800	140064800
ClassicUO.Network.PacketHandlers.WorldMap	1401994c0	1401994c0
ClassicUO.Network.NetClient.add_Disconnected	140144040	140144040
ClassicUO.Network.NetClient.add_ProtocolSet	140144140	140144140
ClassicUO.Network.PacketHandlers.get_Handlers	140184440	140184440
Assistant.PacketHandlers.get_IgnoreGumps	14005e680	14005e680
ClassicUO.Network.NetClient.get_LastCharIndex	140143cb0	140143cb0
ClassicUO.Network.NetClient.get_LastDataReceived	140143db0	140143db0
ClassicUO.Network.NetClient.get_LastJWT	140143cc0	140143cc0
ClassicUO.Network.NetClient.get_LocalIP	140143e50	140143e50
Assistant.PacketHandlers.get_Party	140066650	140066650
Assistant.PacketHandlers.get_PartyLeader	1400666f0	1400666f0
ClassicUO.Network.NetClient.get_PingInProgress	140143c90	140143c90
ClassicUO.Network.NetClient.get_PingStart	140143ca0	140143ca0
ClassicUO.Network.NetClient.get_ProtocolVersion	140143c80	140143c80
ClassicUO.Network.NetClient.get_Socket	140143dc0	140143dc0
ClassicUO.Network.NetClient.get_Statistics	140144020	140144020
ClassicUO.Network.NetClient.get_Status	140143e30	140143e30
ClassicUO.Network.NetClient.remove_Disconnected	1401440c0	1401440c0
ClassicUO.Network.NetClient.remove_ProtocolSet	1401441c0	1401441c0
ClassicUO.Network.NetClient.set_Status	140143e40	140143e40
